periode,indeks
1978-01,20.4
1978-02,20.4
1978-03,20.4
1978-04,20.6
1978-05,20.6
1978-06,20.7
1978-07,20.7
1978-08,20.7
1978-09,20.7
1978-10,20.8
1978-11,20.8
1978-12,20.8
1979-01,20.8
1979-02,20.9
1979-03,21.0
1979-04,21.0
1979-05,21.1
1979-06,21.1
1979-07,21.1
1979-08,21.2
1979-09,21.2
1979-10,21.4
1979-11,21.5
1979-12,21.5
1980-01,21.7
1980-02,21.8
1980-03,22.1
1980-04,22.5
1980-05,22.7
1980-06,22.9
1980-07,23.1
1980-08,23.4
1980-09,23.5
1980-10,23.6
1980-11,23.7
1980-12,23.8
1981-01,23.9
1981-02,24.1
1981-03,24.3
1981-04,24.9
1981-05,25.0
1981-06,25.2
1981-07,25.4
1981-08,25.5
1981-09,25.6
1981-10,25.6
1981-11,25.8
1981-12,25.9
1982-01,26.1
1982-02,26.5
1982-03,26.7
1982-04,27.2
1982-05,27.4
1982-06,27.4
1982-07,27.5
1982-08,27.6
1982-09,27.8
1982-10,28.0
1982-11,28.1
1982-12,28.2
1983-01,28.5
1983-02,28.5
1983-03,28.6
1983-04,28.8
1983-05,28.9
1983-06,29.0
1983-07,29.2
1983-08,29.3
1983-09,29.4
1983-10,29.5
1983-11,29.6
1983-12,29.6
1984-01,29.8
1984-02,29.9
1984-03,30.0
1984-04,30.3
1984-05,30.3
1984-06,30.4
1984-07,30.5
1984-08,30.6
1984-09,30.7
1984-10,30.8
1984-11,30.9
1984-12,30.9
1985-01,31.2
1985-02,31.4
1985-03,31.5
1985-04,31.5
1985-05,31.7
1985-06,31.8
1985-07,32.0
1985-08,32.0
1985-09,32.2
1985-10,32.3
1985-11,32.3
1985-12,32.4
1986-01,32.7
1986-02,32.9
1986-03,33.1
1986-04,33.6
1986-05,33.8
1986-06,34.2
1986-07,34.6
1986-08,34.7
1986-09,34.9
1986-10,35.0
1986-11,35.2
1986-12,35.4
1987-01,36.8
1987-02,37.3
1987-03,37.4
1987-04,37.7
1987-05,37.9
1987-06,38.0
1987-07,38.2
1987-08,38.5
1987-09,38.8
1987-10,39.2
1987-11,39.5
1987-12,39.8
1988-01,40.3
1988-02,40.9
1988-03,41.4
1988-04,41.7
1988-05,41.7
1988-06,42.2
1988-07,42.3
1988-08,42.4
1988-09,42.5
1988-10,42.8
1988-11,42.9
1988-12,43.1
1989-01,43.4
1989-02,43.4
1989-03,43.4
1989-04,44.2
1989-05,44.4
1989-06,44.4
1989-07,44.4
1989-08,44.4
1989-09,44.4
1989-10,44.4
1989-11,44.4
1989-12,44.4
1990-01,44.6
1990-02,44.8
1990-03,44.8
1990-04,45.3
1990-05,45.3
1990-06,45.4
1990-07,45.5
1990-08,45.6
1990-09,45.6
1990-10,45.7
1990-11,45.7
1990-12,45.7
1991-01,45.9
1991-02,46.2
1991-03,46.4
1991-04,47.0
1991-05,47.0
1991-06,47.1
1991-07,47.1
1991-08,47.1
1991-09,47.1
1991-10,47.2
1991-11,47.2
1991-12,47.2
1992-01,47.3
1992-02,47.3
1992-03,47.3
1992-04,47.3
1992-05,47.3
1992-06,47.3
1992-07,47.3
1992-08,47.3
1992-09,47.4
1992-10,47.5
1992-11,47.6
1992-12,47.6
1993-01,47.4
1993-02,47.6
1993-03,47.6
1993-04,47.8
1993-05,47.8
1993-06,47.8
1993-07,47.8
1993-08,47.8
1993-09,47.8
1993-10,47.8
1993-11,47.9
1993-12,47.9
1994-01,48.0
1994-02,48.0
1994-03,48.0
1994-04,48.3
1994-05,48.9
1994-06,49.1
1994-07,49.2
1994-08,49.5
1994-09,49.6
1994-10,49.7
1994-11,49.8
1994-12,49.8
1995-01,50.0
1995-02,50.5
1995-03,50.8
1995-04,51.2
1995-05,51.2
1995-06,51.2
1995-07,51.3
1995-08,51.3
1995-09,51.3
1995-10,51.3
1995-11,51.3
1995-12,51.3
1996-01,51.5
1996-02,51.5
1996-03,51.6
1996-04,52.0
1996-05,52.0
1996-06,52.0
1996-07,52.0
1996-08,52.0
1996-09,52.1
1996-10,52.2
1996-11,52.2
1996-12,52.3
1997-01,52.3
1997-02,52.4
1997-03,52.5
1997-04,52.9
1997-05,52.9
1997-06,53.0
1997-07,53.0
1997-08,53.0
1997-09,53.1
1997-10,53.2
1997-11,53.2
1997-12,53.3
1998-01,53.4
1998-02,53.6
1998-03,53.7
1998-04,54.4
1998-05,54.6
1998-06,54.6
1998-07,54.7
1998-08,54.7
1998-09,54.8
1998-10,55.5
1998-11,55.5
1998-12,55.5
1999-01,55.6
1999-02,55.7
1999-03,55.8
1999-04,55.8
1999-05,55.9
1999-06,55.9
1999-07,55.9
1999-08,56.0
1999-09,56.3
1999-10,56.3
1999-11,56.5
1999-12,57.0
2000-01,57.2
2000-02,57.5
2000-03,57.6
2000-04,57.7
2000-05,57.7
2000-06,57.9
2000-07,58.1
2000-08,58.2
2000-09,58.8
2000-10,59.0
2000-11,59.1
2000-12,59.7
2001-01,60.2
2001-02,60.4
2001-03,60.6
2001-04,60.7
2001-05,60.8
2001-06,60.9
2001-07,61.1
2001-08,61.1
2001-09,61.5
2001-10,61.6
2001-11,61.6
2001-12,62.2
2002-01,62.3
2002-02,62.6
2002-03,62.8
2002-04,62.9
2002-05,63.1
2002-06,63.1
2002-07,63.2
2002-08,63.7
2002-09,63.7
2002-10,63.8
2002-11,63.9
2002-12,64.6
2003-01,64.9
2003-02,65.7
2003-03,65.7
2003-04,65.5
2003-05,65.3
2003-06,65.2
2003-07,65.1
2003-08,65.4
2003-09,65.5
2003-10,65.7
2003-11,65.6
2003-12,66.1
2004-01,66.4
2004-02,66.5
2004-03,66.8
2004-04,67.1
2004-05,67.3
2004-06,67.7
2004-07,68.0
2004-08,68.1
2004-09,68.3
2004-10,68.5
2004-11,68.6
2004-12,69.2
2005-01,69.4
2005-02,69.6
2005-03,69.8
2005-04,69.8
2005-05,70.1
2005-06,70.2
2005-07,70.3
2005-08,70.5
2005-09,70.7
2005-10,70.8
2005-11,71.6
2005-12,71.7
2006-01,71.8
2006-02,72.0
2006-03,72.2
2006-04,72.4
2006-05,72.9
2006-06,73.1
2006-07,73.2
2006-08,73.5
2006-09,73.7
2006-10,74.4
2006-11,75.5
2006-12,75.7
2007-01,76.0
2007-02,76.2
2007-03,76.3
2007-04,76.9
2007-05,77.4
2007-06,77.6
2007-07,77.6
2007-08,78.1
2007-09,78.3
2007-10,78.6
2007-11,80.0
2007-12,80.4
2008-01,80.8
2008-02,81.3
2008-03,81.5
2008-04,81.8
2008-05,82.1
2008-06,82.4
2008-07,82.6
2008-08,83.2
2008-09,83.3
2008-10,83.8
2008-11,84.3
2008-12,84.1
2009-01,84.0
2009-02,84.1
2009-03,84.0
2009-04,83.9
2009-05,83.9
2009-06,83.9
2009-07,84.1
2009-08,84.5
2009-09,84.6
2009-10,84.7
2009-11,84.7
2009-12,84.9
2010-01,85.0
2010-02,85.6
2010-03,86.0
2010-04,86.4
2010-05,86.7
2010-06,86.7
2010-07,86.7
2010-08,86.9
2010-09,87.0
2010-10,87.3
2010-11,87.8
2010-12,87.9
2011-01,88.5
2011-02,88.9
2011-03,89.3
2011-04,89.6
2011-05,89.9
2011-06,90.2
2011-07,90.2
2011-08,90.3
2011-09,90.3
2011-10,90.6
2011-11,91.1
2011-12,91.2
2012-01,91.4
2012-02,91.7
2012-03,92.1
2012-04,92.1
2012-05,92.4
2012-06,92.4
2012-07,92.4
2012-08,92.8
2012-09,93.0
2012-10,93.1
2012-11,93.7
2012-12,93.7
2013-01,94.2
2013-02,94.5
2013-03,94.5
2013-04,94.7
2013-05,95.1
2013-06,95.1
2013-07,95.2
2013-08,95.8
2013-09,95.8
2013-10,95.9
2013-11,96.2
2013-12,96.2
2014-01,96.5
2014-02,97.0
2014-03,97.1
2014-04,97.6
2014-05,97.8
2014-06,97.9
2014-07,97.9
2014-08,98.3
2014-09,98.4
2014-10,98.4
2014-11,98.7
2014-12,98.8
2015-01,99.1
2015-02,99.5
2015-03,99.6
2015-04,99.8
2015-05,100.0
2015-06,99.9
2015-07,100.1
2015-08,100.1
2015-09,100.2
2015-10,100.4
2015-11,100.7
2015-12,100.8
2016-01,100.9
2016-02,101.3
2016-03,101.2
2016-04,101.8
2016-05,102.3
2016-06,102.4
2016-07,102.7
2016-08,103.0
2016-09,102.9
2016-10,103.1
2016-11,103.4
2016-12,103.7
2017-01,103.8
2017-02,104.3
2017-03,104.4
2017-04,104.7
2017-05,105.1
2017-06,105.2
2017-07,105.2
2017-08,105.5
2017-09,105.5
2017-10,105.9
2017-11,106.3
2017-12,106.6
2018-01,107.0
2018-02,107.6
2018-03,107.7
2018-04,108.1
2018-05,108.5
2018-06,108.6
2018-07,108.9
2018-08,109.7
2018-09,109.8
2018-10,110.1
2018-11,110.1
2018-12,110.2
2019-01,110.7
2019-02,111.0
2019-03,111.1
2019-04,111.4
2019-05,111.9
2019-06,111.6
2019-07,111.6
2019-08,112.4
2019-09,112.2
2019-10,112.5
2019-11,112.4
2019-12,112.6
2020-01,113.1
2020-02,112.7
2020-03,112.4
2020-04,113.4
2020-05,114.2
2020-06,114.0
2020-07,114.4
2020-08,114.4
2020-09,114.3
2020-10,115.0
2020-11,115.2
2020-12,115.7
2021-01,117.5
2021-02,118.0
2021-03,118.4
2021-04,118.5
2021-05,119.4
2021-06,120.0
2021-07,121.7
2021-08,123.0
2021-09,123.1
2021-10,124.1
2021-11,125.0
2021-12,124.5
2022-01,125.9
2022-02,124.8
2022-03,125.9
2022-04,127.6
2022-05,129.1
2022-06,129.3
2022-07,130.7
2022-08,131.7
2022-09,131.8
2022-10,132.8
2022-11,134.1
2022-12,133.7
2023-01,134.3
2023-02,134.8
2023-03,134.5
2023-04,135.3
2023-05,136.3
2023-06,136.0
2023-07,135.8
2023-08,136.4
2023-09,136.5
2023-10,137.3
2023-11,137.8
2023-12,137.8
2024-01,138.9
2024-02,138.8
2024-03,139.0
2024-04,139.1
2024-05,141.2
2024-06,141.2
2024-07,141.3
2024-08,140.8
2024-09,141.1
2024-10,141.4
2024-11,142.1
2024-12,142.2
2025-01,143.1
2025-02,144.3
2025-03,143.8
2025-04,144.4
2025-05,147.5
2025-06,147.0
2025-07,146.9
2025-08,146.7
2025-09,147.0
2025-10,147.1
2025-11,148.3
2025-12,148.3
2026-01,151.0
2026-02,151.0
2026-03,150.1
2026-04,150.5
2026-05,155.0
2026-06,154.6
2026-07,155.0
2026-08,154.4
